Age,Annual_Income,Spending_Score,Purchased
56,98021,90,1
46,89184,80,1
32,67945,36,0
60,33140,28,0
25,103457,93,1
38,34357,47,1
56,88673,76,0
36,85633,30,1
40,96943,23,1
28,116111,16,1
28,98258,14,1
41,32924,74,1
53,89286,71,1
57,113269,52,1
41,94071,37,0
20,77326,29,0
39,110023,67,1
19,50651,15,1
41,90202,100,1
61,68777,47,0
47,36994,46,0
55,87263,52,1
19,79634,19,0
38,30800,77,1
50,57823,21,1
29,83878,64,1
39,38708,37,1
61,32819,27,1
42,94905,55,1
44,83870,29,1
59,29283,20,0
45,50573,25,1
33,98707,70,0
32,50933,63,1
64,25774,36,1
61,92055,2,0
20,30983,22,0
54,116468,96,1
24,116334,16,0
38,38133,18,1
26,34939,69,1
56,20781,54,0
35,76700,100,0
21,47624,30,0
42,26823,45,0
31,38489,19,1
26,59961,87,0
43,49118,34,0
19,101816,13,0
37,42263,43,0
45,33565,62,0
64,40354,93,1
24,62951,100,1
61,111179,22,0
25,43648,52,0
64,70729,52,1
52,61971,36,0
31,38658,73,1
34,41253,19,1
53,84166,38,0
57,68563,70,1
21,46390,79,0
19,108664,57,0
23,71578,20,1
59,99025,9,1
21,52658,32,0
46,26852,4,1
35,114986,50,0
43,22551,82,1
61,91947,5,1
51,81001,20,0
27,69159,87,0
53,71707,75,0
31,53243,37,1
48,41800,22,0
32,95939,58,0
25,77828,68,1
31,27239,93,1
40,26710,44,0
57,41384,34,0
38,41038,77,0
33,60846,42,0
62,107983,9,1
35,87821,95,1
64,57991,7,0
41,99057,68,0
43,26971,19,0
42,49139,94,1
62,105445,31,0
58,97067,35,0
46,100257,57,1
32,104742,85,1
62,57711,61,0
18,26530,31,0
42,31116,83,1
24,85794,95,0
26,20282,53,0
41,99473,32,1
18,21898,66,1
61,24135,59,1
25,26629,10,0
41,105120,2,1
28,109087,66,1
34,85031,60,0
25,53380,88,0
52,37071,17,1
52,40074,96,1
50,110724,16,0
22,87843,16,0
59,59901,46,1
56,31205,39,1
58,75661,31,0
45,25906,88,1
24,22591,1,0
26,82987,11,1
25,83370,85,0
29,100685,4,0
51,74400,71,1
50,45150,26,1
40,51852,50,0
41,62870,12,1
54,72756,95,1
52,76481,81,1
61,21283,97,0
57,53691,75,1
39,21125,92,1
44,87065,96,0
52,46170,65,1
18,28438,47,1
52,40095,92,0
54,36154,53,0
64,28004,71,1
31,29752,2,1
20,75426,24,0
18,46819,4,0
22,112051,19,1
43,44217,26,1
31,108708,75,1
56,52994,40,0
44,35036,50,1
26,97275,43,0
32,117756,75,0
32,69416,67,0
43,29587,12,1
59,115665,67,1
30,20645,27,1
49,50930,54,0
56,101835,66,1
49,50090,49,0
21,107489,16,0
47,72142,2,0
54,46475,60,0
40,38888,54,0
56,63732,30,0
62,101623,84,1
32,66305,38,0
60,66037,28,1
46,29346,25,0
53,20587,96,1
30,32763,10,1
49,79165,60,1
24,89615,42,1
39,56116,40,0
45,105751,97,0
19,111353,77,0
59,110301,42,0
62,115648,47,1
23,45556,37,1
45,79042,80,1
45,38099,22,0
61,65096,57,1
61,91986,84,0
37,33230,27,1
47,49009,41,1
28,90969,80,1
45,53866,34,1
42,104246,32,1
56,96975,90,0
50,61855,89,1
18,101557,66,0
44,26416,12,0
30,92516,40,0
58,75915,73,0
20,38058,76,0
56,96637,90,0
23,60718,73,0
25,52602,10,0
44,94658,96,1
26,98112,98,1
54,78067,48,0
50,47516,20,0
59,107969,39,0
61,21089,60,1
41,57346,66,1
32,94663,65,0
49,30487,51,0
49,20155,36,1
41,87494,24,1
58,96229,27,0
29,58547,2,0
56,48795,31,0
19,75296,57,0
20,41447,78,1
54,56598,66,1
34,61814,29,0
19,110751,15,0
19,95330,12,0
45,118745,28,1
40,107960,84,0
54,83278,24,0
49,75077,21,0
50,91906,10,1
18,29528,78,0
36,113812,18,1
19,70100,88,0
61,28179,14,0
43,68781,34,0
49,75267,58,1
23,102379,76,0
49,43952,22,0
21,73798,70,1
28,118696,36,1
34,70939,45,1
55,49516,36,0
41,76526,22,1
22,30449,78,0
51,70290,80,1
23,106661,61,1
39,92954,100,1
28,42746,56,0
33,87990,89,0
50,78810,96,0
26,103297,33,0
23,35223,45,0
33,92237,36,0
46,22597,20,0
20,85677,18,0
37,22659,38,0
53,106516,67,1
36,94567,23,1
43,35037,96,0
20,66738,16,0
36,91678,59,0
37,32109,69,0
49,42010,68,1
24,28787,21,1
58,28472,78,0
50,43383,95,1
57,81709,78,1
56,89785,70,0
35,54518,12,0
57,73909,16,0
18,38351,81,0
28,89624,87,1
45,73330,14,0
42,35282,61,1
40,104866,71,0
48,41778,46,1
47,44264,32,0
59,79675,15,0
52,25075,44,1
24,95948,17,1
33,68454,41,1
43,48365,54,0
19,92766,44,1
18,68200,98,1
29,31002,5,1
22,33947,27,1
54,99222,87,1
49,114840,78,1
26,98610,79,1
58,72142,43,1
52,76307,97,1
36,24493,31,0
33,70085,99,0
20,54228,17,1
37,99676,92,0
41,71875,83,0
50,51655,54,1
41,63472,62,1
28,69437,87,1
25,69416,32,1
53,79711,40,1
55,26816,13,1
57,97175,84,0
37,84307,35,1
52,66733,5,0
42,115028,73,1
52,31240,29,1
42,118234,70,0
46,112493,25,1
35,118344,95,1
63,91363,22,0
35,52762,66,1
19,28259,45,0
52,70139,69,1
33,34849,91,1
58,101768,89,0
53,109709,72,1
50,74869,1,0
21,83095,84,0
50,90910,44,0
31,106710,87,1
38,43567,96,1
37,55292,75,0
25,94813,39,1
24,117136,54,1
20,71631,88,1
34,29885,75,0
50,79659,29,1
29,74306,54,0
39,86314,90,1
39,85087,16,1
63,49165,99,0
47,78929,20,1
55,87028,46,0
55,115998,67,1
62,69812,65,0
25,70500,58,1
44,99151,53,1
44,78643,1,1
51,64900,81,0
38,62946,66,0
47,27851,29,0
50,36288,84,1
45,92692,70,0
64,87580,8,0
50,27368,29,0
22,105436,51,0
36,116136,33,0
21,66403,3,0
52,111170,60,0
34,29168,35,0
61,106497,69,0
45,69879,91,0
47,79871,76,1
46,109388,84,1
63,118646,20,0
23,52174,73,1
52,119751,39,1
58,112491,4,0
54,26581,19,0
41,91853,91,0
46,84046,45,1
63,69678,43,0
48,46649,13,1
52,108668,13,0
50,102325,60,1
38,34567,57,1
49,100404,86,0
40,109906,92,0
50,116019,52,1
20,81944,53,1
35,98002,86,0
42,48803,43,0
59,38230,83,1
48,37862,72,0
20,63355,72,1
57,51259,42,0
63,119075,90,0
41,107445,26,0
49,50795,23,1
64,28770,43,0
39,31093,77,1
40,66571,28,0
19,20193,9,1
44,37569,20,1
59,31190,56,0
19,82824,83,1
43,62752,39,1
34,52327,51,1
57,62070,12,1
50,105925,79,0
26,60197,95,0
60,22261,55,0
56,113905,78,1
46,46512,11,1
59,26716,26,0
43,106795,42,0
52,48933,27,1
42,24378,11,0
41,60583,38,0
30,105371,98,1
24,49033,43,0
53,44000,19,1
62,95868,64,0
37,62604,6,1
18,88336,46,1
25,115074,42,1
63,115655,92,1
33,93869,65,1
31,25410,99,0
29,103375,72,0
40,76044,59,0
32,83315,52,1
45,116055,47,0
51,91344,7,1
19,26796,11,1
49,106716,61,0
40,74245,68,1
39,63056,25,0
42,37709,12,1
39,78557,26,1
39,37543,12,0
59,57418,43,1
23,114611,51,0
32,116038,37,1
60,36724,46,0
54,23828,53,1
50,37087,88,0
25,32605,80,0
61,51337,13,1
61,25482,89,0
22,85333,54,1
56,112541,57,1
21,108296,4,0
23,70952,75,0
62,25463,96,0
49,90448,49,0
47,24648,7,0
64,53623,11,1
52,79156,92,0
57,55634,54,1
33,64602,87,0
30,69334,45,0
59,88648,23,0
47,42054,28,1
36,90028,57,0
34,42207,26,1
36,100650,25,1
45,119821,54,1
43,101554,29,0
54,41386,83,1
43,103276,97,0
40,79518,36,1
26,72781,14,0
29,72780,78,1
18,81440,35,0
18,64199,30,0
64,81035,92,0
51,28210,17,1
49,64363,67,1
42,98279,80,0
57,80348,30,1
62,75284,93,1
18,92124,45,1
33,88847,79,1
56,42432,89,1
22,84089,51,1
39,75398,47,1
46,119291,53,0
20,23321,64,0
29,101348,38,1
43,57383,64,0
33,98682,87,0
54,99190,89,0
39,72893,7,1
46,55820,22,1
31,86262,81,1
45,23760,82,1
22,42190,41,1
64,87411,74,0
47,43377,10,1
63,66737,57,0
22,89569,7,1
29,58211,50,0
33,102909,91,1
43,23744,52,1
43,44995,33,1
38,36977,1,1
56,117938,53,1
53,54542,60,1
50,30651,34,0
47,119239,4,1
54,98931,17,0
40,115344,4,1
27,36715,43,0
22,64409,90,0
53,44306,4,0
51,39086,1,0
48,34376,71,0
27,81350,94,0
36,91425,50,1
49,56636,73,0
18,106120,61,1
22,71649,35,1
62,54610,8,0
21,30058,24,0
33,94637,83,1
41,98033,36,0
33,90194,50,0
19,96917,43,0
45,84200,27,0
49,66619,32,0
44,37154,78,0
37,39539,18,0
41,80058,28,1
29,82068,29,0
52,97313,16,1
50,119932,99,1
50,50373,47,1
60,53154,59,1
54,26031,31,0
29,113533,4,1
20,91975,37,1
18,42785,17,1
50,98928,39,1
57,48669,48,1
27,114475,46,0
60,22282,90,0
61,54624,48,1
46,68438,39,0
30,109900,4,0
29,87534,30,1
48,51705,30,1
63,58244,22,1
19,94964,75,0
52,57437,66,1
40,97872,12,0
34,94878,94,0
43,92982,36,0
25,70583,18,1
46,58392,90,0
43,27461,53,1
27,30516,71,1
43,99285,1,1
51,37514,58,1
58,56268,90,1
24,110486,87,0
21,56788,90,0
62,95749,6,0
28,81049,70,0
46,82493,44,0
53,56027,72,1
42,113547,24,1
38,62849,86,0
53,37858,19,0
27,104162,18,0
54,99003,95,1
26,72395,30,1
41,59758,42,1
52,74312,33,0
52,88670,74,0
53,102279,12,0
35,35434,94,0
56,84047,27,1
49,67775,39,0
41,95769,9,0
40,86677,21,0
49,103555,76,1
54,105920,29,1
29,65734,33,0
30,108503,62,1
40,60603,15,1
42,96708,2,1
52,101926,52,1
58,88803,44,1
47,59332,54,0
34,111703,18,0
37,41312,3,0
42,113376,7,1
39,104526,43,1
30,64179,82,1
36,91442,38,1
53,60379,37,0
29,37297,58,0
58,22011,33,0
36,64014,59,0
29,31738,95,0
26,114333,11,0
24,67498,68,1
45,31120,82,1
31,28767,68,0
48,42852,98,1
36,99239,93,0
64,20929,88,0
33,97487,22,1
22,111575,66,0
52,115040,44,0
29,37438,6,0
42,68515,42,1
38,25744,25,1
53,103820,57,1
40,62417,85,1
33,27069,55,0
56,62359,16,1
62,39799,95,1
59,118746,14,1
56,113762,39,0
31,90188,28,1
48,109859,96,1
22,27597,92,0
52,67093,51,0
40,57226,49,0
46,92127,9,0
60,111369,58,1
28,97362,45,0
35,46417,22,1
64,38693,32,1
29,99674,69,1
26,73161,87,1
27,22169,69,1
61,104092,42,0
34,42052,53,1
55,91849,96,1
24,93851,59,1
63,28036,74,0
30,51778,39,1
57,47734,15,1
59,43173,71,0
26,50403,29,1
44,86321,3,1
19,91675,83,0
22,26344,10,1
46,38800,92,1
54,45372,29,1
55,81516,79,1
36,40538,35,1
25,83918,6,0
62,34973,12,0
18,91155,38,0
39,79500,77,1
34,56575,93,1
24,62261,19,1
42,47716,67,0
62,23236,8,1
21,35848,8,1
53,22352,84,1
23,21932,47,0
48,96449,4,0
36,28556,51,1
61,106836,85,1
56,25498,67,1
44,96118,45,0
27,70098,8,0
43,84386,87,0
36,29569,16,1
56,76882,77,0
20,90393,67,1
62,20340,9,1
30,63949,60,0
45,102302,78,1
37,82443,77,0
45,111668,71,1
25,94027,15,1
58,20138,71,0
56,20358,98,1
18,95250,41,1
20,105376,22,1
30,119931,24,1
45,50654,44,1
42,45879,1,1
50,101532,10,1
55,75778,80,1
23,57772,72,0
61,78478,56,0
62,84353,89,1
49,46762,50,1
62,33283,12,0
64,83922,89,1
38,59420,81,0
33,75568,60,0
38,105090,26,0
28,40219,78,1
54,77169,41,1
53,94965,36,1
52,66840,23,0
36,64695,43,0
37,104754,6,0
35,97988,69,1
64,78342,43,0
58,38951,25,0
31,21307,18,1
32,100388,62,0
48,110768,13,0
18,55428,43,1
20,112021,78,1
33,95774,28,0
40,58975,18,1
28,21140,59,0
29,44842,60,1
27,46421,63,0
49,21708,57,1
33,23630,92,0
25,39595,51,1
55,96021,56,1
29,48308,27,1
41,64789,32,1
45,75690,9,1
25,46086,96,1
45,36859,84,1
53,27684,92,0
43,111088,97,0
25,21207,68,1
45,66099,46,1
45,87496,98,0
54,86093,67,0
58,49689,26,1
53,68651,8,0
44,33893,6,0
34,117808,80,1
26,86418,24,1
50,80011,48,1
37,58635,94,0
30,76115,45,1
45,115071,13,1
46,98405,69,0
30,92702,25,1
63,98518,20,0
52,92805,82,0
23,78954,82,0
35,48064,66,0
22,99063,74,0
64,22454,45,0
42,40878,47,1
19,71098,63,1
27,82154,76,1
47,32991,77,0
62,88344,55,1
22,56593,75,0
50,56304,19,1
18,50386,35,0
35,75220,53,1
49,89338,26,0
64,114289,14,1
28,41083,45,0
38,38354,44,1
43,42190,88,0
42,26142,65,1
39,48398,51,1
44,71971,43,1
30,61862,86,0
50,118668,23,0
51,73410,56,0
58,39503,19,0
52,68456,82,0
18,102035,76,1
38,28016,55,0
23,22384,92,1
45,82320,92,1
34,35072,60,0
22,100018,59,1
48,60510,33,0
22,68933,19,0
55,41826,28,0
20,88026,52,1
40,45518,49,0
54,44045,37,0
54,70876,26,0
27,112446,99,1
27,110102,98,0
36,71919,99,1
34,119441,40,1
38,47103,80,0
31,56188,38,1
26,25845,77,1
63,106698,87,0
18,56674,54,0
62,39337,22,0
30,42313,16,1
21,46943,28,0
18,97949,35,1
57,20276,60,1
49,71151,45,1
51,37611,46,1
45,31944,72,1
48,72887,55,0
25,101442,86,0
56,69847,85,1
43,78653,26,1
51,106072,85,0
20,76622,25,0
29,47810,65,1
18,97842,6,1
61,30503,23,0
22,104761,64,0
47,56976,87,1
47,31590,43,0
34,30886,23,0
64,32866,96,1
40,86624,30,1
32,88899,77,1
54,52792,18,0
38,29764,87,1
31,106156,79,0
19,62727,97,1
28,98471,21,1
56,28068,57,0
55,27295,23,0
51,61160,91,1
55,31390,45,1
51,40131,44,0
35,114754,82,1
47,95969,88,0
32,35038,47,0
44,72327,40,1
51,113718,51,0
55,97064,42,0
50,41281,7,0
41,74189,50,1
32,68511,48,0
47,28605,84,1
59,21381,91,1
34,86634,6,1
22,39810,91,0
46,44322,9,0
21,61869,57,1
27,52955,31,1
34,81388,21,0
27,30207,90,1
34,107329,40,1
37,87628,45,0
41,48220,77,1
22,104050,49,0
51,94085,87,0
23,42031,20,1
19,90721,92,0
30,100807,17,0
60,91312,28,0
60,79766,41,1
28,32449,66,1
64,109833,25,1
40,76699,58,0
33,101253,41,0
48,66092,6,1
28,83671,75,1
33,30350,38,0
25,116158,6,1
21,88487,45,1
57,37622,75,1
21,90263,14,1
42,73117,66,1
20,78394,40,0
49,43782,3,1
20,48454,99,1
44,87904,97,0
46,35592,24,0
49,42173,19,0
36,53204,18,0
38,55596,64,1
22,54324,88,1
35,81202,35,1
45,109400,62,1
59,50750,1,0
39,96112,100,0
38,36566,25,1
23,27190,45,1
18,108607,49,1
22,58333,98,1
58,100905,89,0
29,109571,16,1
43,21589,98,0
63,45235,93,0
51,20159,19,0
31,32145,23,0
43,100909,83,1
62,51921,25,1
44,36237,16,1
26,28244,54,1
43,34743,73,0
64,117102,1,0
39,66101,42,0
64,104227,19,1
47,119532,97,0
60,76378,34,0
34,91126,80,0
43,76071,55,0
53,91121,18,1
18,94763,34,0
25,113814,89,0
52,32237,45,1
32,35649,6,1
64,57713,21,1
39,93463,70,0
31,65409,96,0
43,68766,48,0
45,66154,39,0
40,27016,31,1
31,99563,10,0
41,68688,30,0
19,109678,18,1
62,74238,60,1
43,78608,88,1
31,109081,73,0
24,51897,95,0
20,70961,15,0
64,88703,4,0
40,64757,63,0
63,46917,40,1
60,42736,9,1
64,47990,9,0
62,82551,26,0
35,78161,4,0
55,99623,81,0
52,42440,16,0
32,55205,15,1
42,100811,99,1
54,75103,52,1
45,90812,69,0
27,61627,5,0
56,39008,20,1
34,91274,79,1
56,52402,18,0
39,73384,2,1
43,25793,93,1
61,25571,13,0
42,116867,4,1
34,36209,42,1
30,110930,74,1
37,63148,61,0
42,111218,95,1
21,22224,8,1
27,68695,67,1
20,52441,63,0
58,59129,9,0
62,82368,94,1
35,112122,11,0
64,64760,99,1
53,43478,42,0
64,91854,13,0
39,114230,36,1
51,105716,13,1
64,32180,12,1
25,118538,37,0
57,35372,74,1
61,49796,73,0
36,78272,52,0
59,109963,71,1
58,118826,2,0
54,113635,56,1
23,74040,60,0
43,95357,23,1
51,91368,40,0
62,98356,64,0
23,36211,85,1
54,25842,23,0
50,83115,29,1
39,86852,78,0
38,65968,90,0
23,37508,51,0
23,42005,69,1
21,74575,95,1
47,100742,89,1
28,38971,31,1
47,45599,50,1
48,107592,20,0
41,86914,55,0
26,87055,81,1
20,107697,2,0
48,25355,25,0
57,74120,13,0
54,94619,92,0
53,58342,70,1
41,105992,67,0
48,98860,58,1
23,22257,99,1
19,47364,82,0
37,44972,75,1
45,46654,84,0
28,100769,64,0
21,101423,69,0
32,49320,83,1
23,40808,86,1
47,72389,59,1
55,115690,60,0
19,54773,83,0
32,71168,62,0
28,47747,16,1
25,96396,88,0
43,103692,68,0
62,77505,15,1
61,105896,89,1
22,38135,55,1
23,110887,35,0
43,116035,55,0
21,67377,14,0
36,43554,49,1
37,82491,83,1
50,75621,100,1
37,78283,7,1
29,105140,30,0
64,36923,83,0
18,67591,49,0
43,82261,89,0
31,74336,16,0
55,94083,51,0
54,80948,72,0
28,53002,82,0
53,100098,92,1
30,93016,80,1
60,46672,83,0
20,24213,42,1
50,30293,17,0
23,119977,63,0
27,75860,45,1
22,82507,77,0
40,77134,7,0
27,22100,27,0
61,81997,10,0
19,48172,34,0
30,40132,36,0
57,38199,25,0
19,56609,6,1
37,62965,24,1
18,28016,18,0
54,59779,87,1
26,51881,6,0
34,102594,29,0
26,44472,25,0
28,71813,55,0
32,56021,81,1
41,74131,46,1
55,44087,24,1
52,32828,75,1
47,81610,26,0
48,116664,98,1
22,21401,28,0
61,105179,3,0
31,35193,75,1
28,112389,38,0
26,64864,61,1
51,40307,78,1
29,39611,51,1
52,63791,90,1
52,31950,48,1
18,96240,21,0
57,97403,54,1
39,22745,56,1
46,75243,94,0
25,23866,59,1
28,52245,72,1
58,64724,51,0
54,91354,20,0
31,71374,96,1
47,50116,86,0
52,101029,59,1
38,113574,71,0
54,40447,9,1
22,50431,1,1
36,37908,29,1
31,49336,63,0
43,60992,72,1
21,75350,56,0
42,89561,68,1
62,71955,35,1
59,81240,3,1
42,40093,7,1
35,26155,27,1
57,66607,1,0
25,53487,91,0
56,75668,80,0
57,40963,71,1
31,70124,44,1
49,72870,87,0
55,76547,41,1
50,84110,75,1
40,73554,42,1
32,40936,33,0
50,24426,50,0
42,108839,63,0
34,47606,100,0
50,67832,37,0
64,48151,59,1
19,99303,81,1
31,31308,99,1
57,82522,48,1
57,65671,5,0
56,110306,48,0
23,114108,96,1
23,22204,3,0
20,112769,47,1
24,107265,62,1
25,51131,99,1
59,72428,14,1
32,53870,63,0
64,69067,61,1
46,78585,31,0
50,41607,95,1
47,44968,17,1
56,118934,24,1
44,31908,23,1
53,46423,82,0
46,94707,50,1
55,98257,78,0
50,81215,79,1
54,75835,79,1
44,69429,70,1
50,102152,27,0
21,58458,15,1
39,66169,50,1
19,27659,36,1
27,80614,8,1
22,97240,79,1
27,52793,3,0
50,66473,62,0
55,116762,47,1
30,109388,77,1
48,117618,98,0
64,108330,88,1
53,75751,96,0
62,98915,61,1
41,74254,32,1
32,27006,94,0
46,94218,13,1
25,85344,1,0
22,53840,34,0
46,52430,62,0
64,43091,79,1
21,52983,78,0
29,43989,93,0
62,95451,98,1
19,38990,82,1
44,110270,71,1
48,100360,93,1
53,56081,31,1
53,31033,64,1
43,36241,25,0
60,25939,38,1
44,67562,14,0
22,55063,8,1
37,96721,91,0
28,47045,54,0
27,64769,2,1
57,67118,81,1
55,104703,78,0
23,41625,89,1
25,47076,56,1
40,84805,94,0
64,64605,93,0
43,104565,84,0
63,108509,85,1
60,59121,61,1
29,85101,22,1
43,51433,35,1
30,63309,16,0
57,87468,50,1
35,64254,43,0
42,87293,17,1
50,116258,80,1
64,57853,58,0
57,58405,2,1
60,86652,4,1
29,63527,85,0
61,97227,39,1
53,20492,98,0
21,113418,94,0
22,28811,6,0
54,113344,81,0
25,44272,89,1
59,113935,69,1
45,92010,69,1
48,112492,20,0
26,67153,64,1
46,74110,16,1
31,33979,51,1
57,48328,37,1
58,32867,73,0
39,79234,69,0
28,45851,42,1
40,51279,57,0
18,116063,66,1
63,93402,9,1
54,35449,100,1
38,96221,86,0
43,109080,64,1
63,25451,86,0
53,107178,22,0
40,61316,34,1
18,83064,55,0
57,83761,29,0
32,58870,38,1
38,116566,97,0
64,50873,18,0
26,78627,71,1
26,86155,65,1
27,119186,97,0
43,45372,1,1
58,23642,88,1
52,48001,4,0
42,54064,4,0
43,114826,82,1
28,34122,27,0
55,44820,43,1
19,88431,59,1
24,75745,32,0
35,70081,33,0
44,90902,28,1
51,28711,55,1
44,105132,100,1
34,38793,60,1
60,28199,70,0
61,96253,62,1
41,56191,80,0
42,30211,34,0
24,83069,87,1
23,108896,88,0
41,76746,56,0
50,41542,13,1
46,51312,56,0
60,65242,18,0
39,113783,54,1
43,107893,77,1
45,75388,43,1
38,47691,39,1
24,97960,61,1
34,104388,42,1
37,42601,81,1
58,38020,79,0
37,28155,18,0
39,89119,23,1
45,101051,54,0
57,56777,30,0
24,39710,98,1
18,44532,58,0
49,38601,68,1
30,83227,67,0
47,24967,71,1
40,104289,18,0
36,40022,7,0
49,63463,40,0
47,94671,70,1
46,25722,86,0
62,47413,65,0
46,112772,68,1
47,101050,49,1
33,105867,52,0
57,103596,29,0
36,86732,21,0
35,32297,90,0
18,88323,78,1
31,43816,9,0
64,60695,47,0
19,39702,76,1
45,45242,42,0
47,75841,51,0
55,87712,56,0
21,105663,51,1
18,112764,70,1
25,73574,20,0
46,105744,88,0
56,48482,27,1
20,29171,38,0
49,118932,72,0
27,23696,65,1
27,40058,54,1
36,40313,24,1
63,39149,47,0
51,73521,71,0
50,65740,83,0
40,24956,86,0
45,95731,63,1
49,102612,57,0
24,86641,55,0
46,83811,60,1
25,72160,99,1
18,71313,62,0
20,83232,30,1
41,35417,93,1
40,44729,22,0
25,50099,75,0
64,118134,84,0
54,49961,29,0
20,32602,41,1
50,29256,42,1
45,106120,98,0
64,54681,65,0
25,111328,31,1
51,107440,30,0
52,84789,18,0
49,63361,17,0
41,84503,38,0
31,54540,14,1
49,46536,87,0
63,104700,89,1
60,83043,79,0
33,98532,56,0
21,76575,22,1
54,22871,67,0
38,66002,56,1
31,69812,19,0
48,42626,57,0
35,79979,44,0
24,96057,98,0
27,86668,35,0
24,119003,1,1
50,100070,52,1
40,109390,85,0
38,62998,93,0
36,83814,70,1
36,65607,37,1
53,27812,65,0
46,81844,51,0
35,90093,1,1
19,22179,91,0
18,63798,21,1
64,94601,53,0
22,28275,16,1
37,70574,61,1
28,67857,54,0
59,40700,40,1
19,59464,26,0
20,62351,80,0
40,113330,92,0
29,114319,65,0
37,102534,100,1
22,33869,74,0
54,80315,64,0
55,113688,43,0
47,40954,17,0
26,51555,59,1
51,83353,23,0
61,102190,7,1
52,65026,44,1
39,66976,53,1
61,100578,71,0
41,111502,79,0
34,65095,34,0
27,34270,46,0
47,50908,68,1
63,35523,78,1
40,82433,78,0
49,67068,16,0
34,39991,71,0
34,30775,96,0
31,97801,19,0
26,104995,2,0
57,81250,10,0
19,36673,50,1
62,47056,81,1
42,26614,12,1
56,27415,70,1
26,108691,22,0
39,63884,32,0
60,36964,84,0
63,57726,1,0
21,57044,54,0
43,77149,58,1
46,57544,70,0
62,69976,83,1
51,52252,18,0
40,23832,6,1
54,110811,45,0
28,100437,97,1
23,54148,23,0
35,81240,23,0
38,108454,26,0
59,105076,77,0
53,97116,7,1
58,73459,79,0
55,58402,44,1
51,77727,27,0
34,58578,26,1
54,110453,97,0
42,42318,79,0
55,95715,36,1
29,97787,55,0
40,105029,64,0
59,40466,91,1
39,115742,57,0
38,65475,69,1
44,80142,61,0
48,105160,2,1
23,46564,55,1
44,42412,97,1
57,113526,80,1
51,71001,87,0
29,77649,38,0
62,80957,80,1
24,55517,78,0
27,33156,29,0
62,43064,26,0
34,45711,35,1
43,50106,79,0
38,85458,67,0
45,36589,87,1
63,109272,29,0
19,106511,34,1
60,27214,97,1
18,116117,41,1
53,105731,41,0
43,47127,23,0
46,25141,71,1
38,48884,3,1
28,110421,58,1
57,22708,32,1
28,38375,31,1
53,35088,82,1
56,77615,43,0
57,65046,7,1
52,30014,1,1
51,84425,61,1
64,23273,14,0
41,67135,52,0
39,50881,96,0
22,117022,6,0
50,98077,10,1
53,28712,71,0
64,94704,90,1
37,72874,98,1
36,89087,30,1
52,32297,100,1
60,47128,21,1
34,88368,60,1
62,114019,81,0
60,107599,97,0
51,108499,74,0
26,98958,63,0
43,52920,42,0
19,31156,51,1
26,31108,64,0
26,51845,76,0
57,22800,56,0
34,62712,80,1
18,22610,41,1
42,97603,32,1
60,53872,15,0
57,30728,62,0
59,115102,27,0
42,115319,28,0
56,40583,81,0
52,105774,64,1
20,27263,59,0
54,87450,58,1
61,109285,2,0
61,39456,36,1
47,111118,71,1
55,85942,13,1
51,33689,15,1
29,52934,89,0
36,53276,87,0
54,39873,60,0
61,33050,22,1
34,86216,63,0
27,104444,90,0
64,104040,97,0
29,41644,75,0
33,82021,74,1
41,57125,25,1
36,86899,48,0
25,62291,43,0
48,55060,38,0
38,21538,41,1
34,56176,45,1
40,61520,88,1
54,45675,40,0
33,38287,97,1
23,20174,17,1
25,112268,88,1
42,54998,57,1
35,73312,2,1
42,32112,96,0
29,95225,62,0
32,64814,88,0
43,105091,9,0
58,70719,68,1
62,53919,81,0
43,93155,17,0
64,91569,50,0
49,61328,94,1
27,90482,40,0
33,44618,58,1
24,54675,75,1
34,38919,85,1
40,24173,21,0
43,46400,18,1
38,70445,55,0
39,90305,29,0
24,57564,24,0
31,65814,74,1
32,99747,17,1
24,108791,18,0
26,47962,42,1
25,104892,84,1
40,105842,45,1
46,90533,82,0
35,76184,17,1
48,102912,73,1
47,30578,14,0
56,38624,49,1
52,59194,29,0
35,20389,95,1
59,119303,4,1
56,87391,82,1
34,33794,20,1
31,78002,47,1
48,55531,9,1
41,72815,77,0
52,24986,79,1
61,52298,27,1
62,21481,15,1
51,76408,92,0
20,89267,19,0
54,36835,90,0
60,47798,52,1
57,111649,26,1
43,84887,89,0
40,39477,26,0
61,37266,26,0
56,106328,46,1
32,105988,92,0
21,63526,49,1
46,31889,82,1
39,44335,96,1
42,31254,53,0
30,106610,3,1
35,31442,66,0
50,66289,97,0
33,73747,42,0
62,57327,19,0
59,36199,17,1
61,92827,33,1
19,20112,76,1
52,107051,49,1
59,39581,56,0
51,79722,63,0
47,112036,3,0
30,117562,49,0
30,36523,55,1
35,86960,26,0
49,39552,99,1
49,30808,72,0
52,92525,52,0
56,43620,100,0
63,20887,7,0
46,51802,46,1
46,105024,46,1
61,115549,100,1
33,101938,16,1
61,106741,24,0
64,46049,61,0
27,97789,54,1
47,104526,62,1
42,27846,1,0
56,110563,49,0
37,66220,25,1
22,66163,10,1
18,23765,80,1
47,101486,16,0
20,65270,58,1
62,95277,72,1
31,108278,29,1
47,110239,92,1
21,42931,6,1
35,109116,16,0
54,75633,20,1
42,100702,80,0
18,71913,71,1
63,114776,78,1
32,45991,43,1
26,74845,26,0
32,118505,90,0
41,75312,78,0
21,30561,71,1
29,36901,33,1
54,115556,26,0
54,82875,45,0
60,45917,84,1
23,82120,63,0
56,21988,67,1
63,34256,52,0
41,107728,68,0
28,48230,26,0
30,79778,75,1
51,65833,2,1
42,42625,14,0
24,52088,30,1
21,99650,49,1
25,61167,12,1
37,91291,90,1
46,85303,44,0
62,96361,33,1
63,108229,13,1
27,24117,78,0
60,110265,88,1
51,117718,98,1
43,80710,26,1
58,114426,21,0
20,114876,28,0
23,87054,48,1
22,50949,100,1
22,42547,40,0
64,101882,66,0
40,88136,73,0
26,84619,87,1
52,81842,79,1
37,114803,77,0
59,46990,23,1
52,36193,81,1
35,50109,48,1
34,39233,2,1
41,101730,84,1
20,54510,20,1
49,21306,59,1
52,23849,46,0
55,32360,3,0
30,114767,55,0
64,65800,12,0
42,56963,40,0
26,74330,66,0
21,71707,100,0
31,38689,78,0
54,49084,16,0
51,60387,83,1
28,94816,34,1
58,22642,44,0
20,62137,6,1
45,99832,77,1
46,75561,64,0
26,82260,100,0
20,35438,22,0
42,68442,18,1
51,22994,12,1
29,119575,52,0
59,21813,94,1
26,113027,51,1
32,104381,71,1
57,75276,96,0
42,61243,48,1
22,82912,19,1
28,80272,6,1
51,62051,84,1
41,98854,27,1
32,102736,53,1
55,85618,48,1
25,21920,7,0
22,97219,59,0
43,96872,69,1
35,101132,11,0
23,22093,15,1
54,32905,64,1
30,44351,3,1
45,50981,69,0
22,93903,23,1
30,90821,53,1
34,102289,37,0
57,104021,9,0
62,98513,15,1
49,39874,3,0
46,70931,93,0
20,27674,70,1
57,70516,17,1
51,114574,26,1
57,80686,21,0
44,114851,72,0
30,89212,21,0
62,22426,11,1
50,110009,38,0
23,88498,72,0
41,49943,88,1
36,86395,35,1
33,64816,14,1
57,24138,14,0
45,111176,10,1
50,95945,12,0
58,24017,38,0
30,30451,34,1
60,82956,41,1
62,113863,10,1
42,30278,17,1
59,110480,17,1
53,63764,67,0
44,21134,62,0
55,82943,95,0
24,115667,1,1
22,74318,12,0
60,80128,4,1
62,108056,42,1
48,41869,13,0
40,25039,98,0
59,41281,85,1
27,30442,86,0
49,93788,4,1
60,47586,82,0
47,73053,69,0
56,70489,19,0
48,103104,2,0
35,106346,12,0
53,87087,81,1
19,32625,74,0
31,54397,98,0
30,78671,6,0
46,111785,8,1
29,86897,51,1
56,46149,11,1
19,80030,63,1
49,89906,57,1
30,25283,12,0
63,27610,73,0
44,63326,2,0
58,34924,8,1
34,96162,11,1
57,20869,53,0
48,117088,100,1
51,21014,10,1
41,30103,85,1
62,102522,84,0
52,116007,8,0
23,53458,36,1
36,110605,93,1
47,102409,76,1
24,43248,14,1
27,109160,54,0
58,63516,85,1
49,49061,86,0
51,44170,21,0
45,28024,50,0
32,102214,94,1
47,105947,39,0
54,63803,20,0
46,39296,88,1
39,111829,87,1
21,112708,7,1
37,106664,9,0
49,38257,1,1
53,32855,26,0
21,105178,38,0
44,40025,38,1
34,24458,61,0
29,83610,44,0
39,90843,86,0
34,103961,44,0
27,69831,74,1
18,63427,62,0
39,113809,6,1
43,58506,17,0
35,25668,51,0
31,111470,38,1
64,67195,24,0
46,93233,51,0
29,44417,10,0
53,101982,72,0
52,30751,21,0
29,66218,70,0
24,27352,85,1
46,99052,57,1
28,108835,39,1
50,117493,88,0
23,48927,33,0
64,61094,59,0
32,74122,18,1
49,49493,56,0
28,112247,92,1
40,93539,57,0
43,51707,96,0
51,88814,76,0
63,27296,48,1
51,45398,42,0
46,55842,27,1
21,33261,74,0
34,96709,52,0
52,115985,42,1
30,76704,32,0
58,87173,26,0
56,51781,25,0
32,33652,75,0
46,25103,23,1
46,45500,98,1
28,55529,57,0
49,38452,52,0
19,69393,87,1
64,51174,93,0
31,84450,31,1
37,55436,64,0
39,67406,71,1
28,83059,33,1
44,35954,85,1
20,102722,2,1
34,32356,18,0
61,118499,47,0
45,22187,33,1
46,97243,98,1
38,55098,84,1
64,112471,35,1
33,41225,51,0
54,23606,18,1
37,77620,88,1
23,52828,72,1
36,46489,30,1
22,34387,44,1
20,89463,53,1
18,91832,10,1
55,115980,87,0
32,22591,52,1
51,68516,49,1
52,111683,11,1
42,82061,66,0
41,86736,58,0
29,101257,90,0
35,81753,36,1
32,104774,33,1
61,31087,47,1
33,50816,13,0
44,43408,40,1
25,20136,89,0
63,37413,68,0
42,79500,42,0
34,104514,19,0
46,76358,82,0
25,86197,94,1
32,112789,19,1
44,112420,58,0
63,52854,23,1
24,96240,54,1
20,110063,80,0
46,36322,65,0
61,26968,12,1
41,47518,24,1
20,71925,34,1
37,79848,53,1
63,113422,8,0
32,21700,18,1
42,113782,57,0
47,43199,5,0
31,64589,26,1
24,52115,30,1
34,81934,54,1
61,74316,13,0
37,25520,83,0
53,56455,29,0
26,106465,3,0
55,61605,90,1
39,34955,58,0
19,64049,76,0
41,33917,2,1
25,90293,75,0
28,98581,28,0
30,84925,82,1
34,90269,77,0
25,50954,86,0
38,116671,76,0
35,92617,2,0
47,61458,7,1
35,109037,26,0
63,41113,90,1
64,119977,88,0
48,110226,76,1
55,63939,16,1
49,49345,23,1
28,66313,40,0
62,112365,60,0
42,89166,73,0
50,67861,32,1
55,117406,15,0
58,69298,13,0
25,67221,5,0
28,64942,75,0
39,23453,74,1
41,74935,52,1
58,63370,77,0
34,28328,41,0
29,35534,53,0
63,105280,50,1
49,104925,15,0
32,56320,7,1
33,69170,40,1
39,100201,28,0
45,28640,32,0
37,111057,99,0
50,50049,15,1
27,25618,100,1
57,76053,85,0
49,21920,70,1
50,63937,65,0
19,89724,4,0
50,32207,11,1
50,85774,26,1
58,52972,61,1
30,30799,37,1
47,91088,23,0
50,48916,93,0
30,90463,85,0
43,113500,91,1
39,96700,40,0
56,57158,77,1
19,104607,23,1
55,91696,16,1
56,81510,94,0
43,78692,61,1
63,81744,68,1
32,35810,80,1
51,25126,31,1
59,50009,53,1
61,119120,25,1
57,110932,44,1
28,20192,12,1
20,56413,90,1
23,32816,97,1
26,59082,92,1
23,85048,9,1
26,70940,12,0
56,52130,69,0
48,60142,54,1
49,56468,54,1
58,50698,28,1
29,30655,56,0
25,67897,99,0
25,50075,69,0
45,29359,98,1
37,62056,98,1
64,71831,77,1
24,79191,58,1
28,53272,78,0
37,34671,75,1
33,47048,42,0
21,96274,38,0
23,45963,68,1
39,63954,53,0
43,92309,33,0
20,115430,71,0
58,20717,56,0
59,31676,72,1
31,24434,51,1
28,69810,74,0
35,114636,43,1
29,24994,15,0
40,24234,38,1
29,89300,15,1
30,63949,5,1
42,57405,93,1
62,54872,83,1
36,62215,54,0
63,43185,51,1
53,63442,10,0
62,71759,12,0
25,61153,4,1
46,97535,95,0
49,22581,18,1
61,71717,80,0
35,22763,36,0
23,112910,25,1
35,75480,87,1
36,58759,76,1
39,96067,98,1
54,45307,36,0
49,116371,67,1
58,31064,9,0
20,96848,61,0
45,57548,53,0
27,56945,18,0
52,67937,43,0
46,26476,35,0
32,71756,63,1
50,110101,98,0
24,22382,78,0
29,69683,4,0
47,107999,93,1
38,65276,41,1
48,53402,45,0
41,111881,50,1
37,46946,79,0
54,99698,28,1
21,93933,42,0
45,42335,80,1
61,65095,76,1
37,99930,69,1
41,47197,98,0
49,42010,1,0
58,44123,39,0
53,107923,96,1
51,22890,90,1
53,113305,17,0
19,28026,91,1
32,84925,88,0
51,88842,35,0
53,53665,46,0
23,29277,42,0
56,62239,39,1
59,67664,90,1
29,68008,49,1
20,34683,62,0
62,20670,38,1
35,109211,23,0
57,37889,22,0
38,75612,4,0
32,64535,49,0
50,98542,59,0
52,74319,73,0
43,112067,68,1
25,41639,71,1
53,84712,87,1
47,36633,2,1
40,54660,49,0
59,88975,88,0
61,52172,95,1
31,79197,31,1
31,78847,40,1
19,31577,48,1
54,97299,51,1
22,40176,43,1
55,64386,98,1
62,83972,55,1
58,109791,88,0
64,61003,49,0
31,39996,90,0
56,106598,80,0
42,55931,57,1
37,55710,77,0
19,54693,15,1
56,55740,27,0
23,97241,68,1
34,113583,80,1
42,96502,64,0
45,37374,94,0
19,96674,30,1
52,101471,36,1
54,65913,67,1
22,86025,86,0
18,64516,86,0
57,107796,49,1
29,46069,76,0
53,76233,55,1
62,104811,85,0
40,79049,56,0
64,59178,68,0
48,52821,95,0
28,71727,44,0
27,80935,31,1
20,36999,58,1
31,82522,87,0
33,58712,53,1
27,84551,84,1
46,60172,79,0
27,53722,23,1
29,30625,28,0
47,87165,16,1
58,96509,37,1
18,26859,21,1
22,61609,79,1
37,63307,17,1
25,41839,37,1
60,47216,77,1
29,72953,19,0
18,104481,30,0
37,80593,45,0
45,92075,18,0
60,69522,78,1
54,119161,62,1
64,24886,36,1
54,27485,100,0
29,51455,84,0
54,36767,52,0
61,48453,19,1
45,96280,44,0
64,73442,7,1
32,71877,44,0
23,32226,68,1
61,113405,34,0
37,42588,66,1
31,98976,69,0
19,51709,55,0
26,67788,10,1
54,108031,96,1
37,57019,42,0
43,64948,41,1
46,85133,77,0
18,86458,69,1
52,47526,10,0
23,93493,10,1
54,72198,91,0
22,119534,60,0
50,63395,51,0
31,44031,21,1
29,95542,8,0
59,57701,65,1
37,45939,92,1
41,69145,78,1
60,40324,85,0
51,42867,30,1
42,20203,85,1
46,36544,49,1
56,35899,9,0
48,49063,17,1
64,110880,69,1
60,23748,58,1
40,86629,57,1
61,100764,62,0
55,40884,95,0
37,45183,52,1
40,101570,61,1
62,91246,40,1
33,39259,38,1
59,55959,43,0
25,53457,63,0
38,105679,19,0
18,22103,100,0
25,85901,50,1
46,64535,33,1
49,36103,13,0
55,118046,78,0
22,110012,97,1
64,98278,62,1
39,32391,93,1
64,48901,43,1
51,117537,49,1
18,101159,36,0
43,87914,10,0
60,70357,95,1
27,106908,6,1
47,58437,57,0
35,55503,1,1
34,116282,71,0
43,113459,58,0
25,95403,91,0
64,61258,21,0
57,53724,92,1
29,84286,80,1
44,94842,56,0
25,34908,87,1
42,112617,20,1
63,70626,54,1
21,57228,25,1
50,43386,28,0
18,66754,5,1
36,48302,21,0
48,80815,18,0
33,104748,47,1
31,83344,70,0
22,55618,57,1
58,96234,93,1
43,81114,19,0
45,90130,97,1
19,45525,65,0
23,99818,3,0
26,34334,42,1
50,114715,21,1
58,82767,99,1
42,26644,40,0
30,52933,67,1
26,63469,25,0
30,53687,55,0
48,72656,84,1
58,37375,52,1
28,85206,44,1
21,116462,98,0
51,56607,85,1
55,103178,56,0
63,43993,55,1
21,64386,87,1
55,66287,70,0
36,106724,77,0
23,118132,87,1
51,113308,73,1
35,116393,81,1
30,96312,66,1
58,118371,19,1
40,95324,83,0
36,91196,7,0
62,90014,63,0
28,28210,42,0
18,30922,42,1
41,56289,59,0
24,53340,20,0
42,59850,73,0
38,76984,17,1
32,104178,27,0
18,31094,47,1
29,107959,2,0
24,53418,63,1
32,25741,62,0
38,92374,100,1
36,88798,19,0
46,90532,17,1
42,42164,69,1
50,55595,39,0
49,50257,82,1
52,34211,71,1
61,115989,81,0
55,25232,39,0
43,87753,36,1
28,72691,40,0
52,109765,45,0
25,99768,4,0
63,45613,25,1
31,34026,69,1
27,73535,30,1
19,114090,76,1
63,50908,68,1
26,72113,88,1
20,39610,29,1
38,66646,73,0
43,83185,68,1
25,92567,51,1
19,67574,24,0
23,111051,14,0
45,56182,69,0
46,20570,18,1
43,117790,42,0
42,39288,57,1
29,98824,83,1
22,49877,12,1
51,104425,82,0
54,20917,17,0
32,95602,30,1
61,115040,88,1
53,84575,75,1
32,92518,99,0
60,59104,23,1
40,38062,81,0
23,36999,1,1
63,81845,79,0
61,29941,32,1
60,81169,9,0
62,43470,15,0
38,79821,28,0
40,106669,24,0
60,64435,60,0
33,24529,35,0
64,103055,86,1
32,32192,27,1
42,94102,83,1
53,92762,76,1
28,106795,20,0
32,54087,65,1
21,86677,85,0
38,24627,49,0
30,76541,1,0
39,88226,10,1
36,23255,47,0
51,77433,59,1
31,25213,96,1
21,39404,62,1
63,45380,86,1
44,111056,18,1
46,39173,46,0
64,73027,32,0
45,43989,27,1
52,44519,92,0
25,42439,18,1
33,96949,39,0
59,34995,49,0
53,43559,93,0
47,109049,82,0
35,25021,44,0
19,118000,72,0
30,41119,54,0
21,71539,95,0
43,114835,34,0
42,59350,71,0
47,66223,36,0
28,45517,18,0
24,98653,38,0
48,42250,59,1
61,104486,9,0
27,102895,73,0
56,109132,72,0
30,111066,51,0
48,86798,35,0
24,74199,82,0
59,79546,5,1
59,108151,14,1
53,23327,92,1
37,49768,30,0
21,84418,4,0
24,114386,39,0
18,62788,84,1
61,102384,64,0
62,66830,25,0
59,72446,28,1
64,35160,76,1
30,76583,66,0
39,53998,78,0
38,47230,22,0
39,29076,31,0
45,89341,23,1
26,51085,48,0
43,75571,20,0
26,34715,38,1
32,25750,55,0
27,98768,68,0
41,55903,79,1
59,92489,88,1
25,52093,89,0
41,111036,1,1
33,107954,7,1
43,54314,57,0
44,68225,95,1
54,107985,12,0
21,103014,5,0
41,55179,50,0
36,45338,42,0
53,112435,12,1
56,89681,18,0
27,52101,66,0
42,22775,74,0
35,117183,79,0
36,65619,94,1
53,65838,17,1
27,39539,68,1
50,77124,71,0
22,85149,62,1
64,46616,41,1
52,99655,95,0
61,110695,34,1
51,74567,70,0
50,57099,45,1
38,95831,58,1
34,81799,51,1
39,110221,34,1
54,45479,44,0
32,66172,15,0
52,119165,78,1
45,75863,70,0
24,62043,50,1
49,102569,32,1
28,35408,67,1
27,77980,3,1
26,102956,86,1
31,36351,86,1
30,24131,74,0
42,64825,51,0
19,31349,67,1
52,80931,76,0
24,64254,93,1
38,58225,48,0
35,32453,17,0
20,38814,7,0
59,38263,13,1
56,97694,66,0
58,35735,4,1
28,35830,10,1
56,67893,88,1
41,64673,17,0
63,109462,52,0
36,65066,6,0
21,23373,83,1
43,30335,69,1
55,43741,96,0
59,30692,74,1
49,67295,9,0
56,65541,91,0
62,54057,77,0
63,86983,83,0
53,39583,21,1
57,42765,24,0
54,79287,4,0
50,43906,24,0
53,105103,59,0
20,99675,99,0
26,66525,3,0
25,58230,68,0
50,39520,40,1
23,105238,48,1
58,71934,54,1
56,45566,35,1
21,93193,95,0
30,50134,56,1
19,30345,89,1
22,61185,40,1
61,112949,77,0
44,90744,68,1
49,53455,46,1
38,48018,78,0
25,74219,13,1
55,65991,27,0
25,93616,6,1
20,107438,17,0
61,29486,36,1
20,58862,99,1
39,78870,81,1
23,106694,2,0
19,63856,77,1
40,106055,52,0
61,51379,66,0
19,84729,52,0
55,48378,92,0
34,74353,43,1
52,69996,90,1
51,34031,22,1
40,100072,55,0
47,85982,67,1
25,56683,99,0
39,37618,60,0
61,26587,58,0
53,82790,12,1
22,51480,88,1
30,118530,69,0
46,40527,84,1
48,43569,39,1
64,31151,13,0
33,91094,41,0
59,79174,57,1
47,64739,53,0
33,52954,12,0
29,55303,13,1
34,54700,74,1
33,113036,97,0
29,87568,57,1
25,86788,40,0
37,91045,80,0
20,57842,45,1
33,33900,35,0
47,100059,3,0
62,21881,5,0
40,53037,90,1
45,21630,11,1
57,40789,71,1
22,108059,56,0
37,103494,10,0
57,66151,34,1
61,68920,67,1
18,87231,72,1
47,100357,31,0
38,23262,75,1
37,86981,71,0
23,101972,66,1
39,95485,70,0
35,74722,41,0
25,109499,63,1
56,70818,32,0
49,49932,20,1
50,26901,57,0
33,119023,98,0
29,28597,50,1
55,83909,80,0
51,92391,25,1
31,104214,12,1
53,28263,71,1
50,83293,39,0
40,45805,17,0
62,111679,45,0
19,31874,11,1
58,113065,70,1
38,106402,23,0
19,34079,91,0
44,69850,70,1
26,92779,38,0
18,115408,2,1
28,29018,86,0
20,69500,84,1
40,32100,89,0
43,77021,79,0
21,39800,93,1
35,83400,72,1
23,112446,37,1
52,49437,49,0
39,96537,52,1
60,66675,33,1
32,39942,22,0
39,40862,5,1
54,31669,18,1
59,73772,38,1
29,35916,37,0
64,30878,94,0
59,22985,95,0
55,117905,64,1
35,93648,10,0
62,61235,79,1
52,38931,42,1
47,112876,48,1
41,20336,44,0
59,62933,82,0
47,104899,87,1
31,65536,97,1
23,89504,16,0
20,119214,54,0
33,71148,35,0
24,36279,98,1
31,88665,28,0
26,91386,2,0
32,106124,94,0
38,97485,13,1
52,94055,41,0
19,111911,80,1
44,118618,59,1
19,97273,69,1
52,86670,92,0
35,96474,53,0
31,74028,45,0
37,110022,20,1
35,111632,24,0
27,91128,61,1
42,38108,91,0
19,72495,94,0
42,102806,58,0
50,113185,27,0
53,96533,26,1
48,119025,7,1
31,76830,42,1
18,94640,47,1
63,72509,53,0
33,86406,59,1
63,114220,38,1
20,59519,69,1
52,69649,87,0
58,54524,92,1
23,116493,98,1
42,53885,53,0
30,64369,15,0
51,115402,96,1
25,50676,26,1
38,84093,48,0
51,67764,95,1
21,70799,19,0
42,99414,9,1
32,113095,64,1
21,92307,93,1
62,102062,54,1
29,115432,51,1
49,51923,39,0
49,98388,4,0
45,67574,3,1
30,63391,64,1
48,73664,29,1
31,87384,11,0
37,51027,97,0
35,55464,58,0
46,54485,75,0
23,39456,27,0
49,94795,97,0
46,55554,21,0
60,66922,39,0
19,33409,95,1
40,89327,46,0
36,111400,66,0
48,56639,91,0
22,83627,36,0
36,103424,75,1
51,39692,82,0
27,109037,65,1
42,98840,63,1
19,74200,99,1
28,113063,35,0
48,77415,31,0
32,38074,28,0
26,35549,1,1
40,49963,25,1
36,111456,43,1
26,116362,84,1
52,72265,67,0
38,36061,63,0
26,78226,51,0
45,48810,2,1
63,80006,82,1
24,42800,64,0
33,95476,74,0
33,89460,69,1
50,77767,9,0
21,48054,2,0
21,95319,34,1
56,65397,60,1
57,33233,61,1
34,110020,31,0
54,45068,10,1
56,85727,76,0
46,110610,36,0
53,90453,85,1
55,45832,49,0
56,106242,70,1
54,33682,49,1
52,112298,3,0
24,43383,74,0
44,78160,5,1
45,113332,90,1
39,43666,61,1
31,78817,85,1
24,111198,90,1
54,54642,26,1
39,61830,72,0
22,30234,5,0
19,77616,15,0
44,29221,16,0
38,31410,1,1
55,100055,16,0
32,81413,37,0
38,21051,3,1
27,95301,52,0
40,96918,47,1
56,98116,95,1
22,76563,13,1
18,117859,80,1
30,64757,55,1
38,97475,21,0
43,71257,66,0
62,115500,54,0
38,20307,27,1
35,76889,38,0
54,88895,90,0
62,115184,58,0
49,55944,62,0
53,119555,46,1
34,58134,89,0
52,47323,11,1
28,91762,72,1
38,107225,8,0
43,116507,97,1
21,45954,71,1
51,75021,64,1
35,109959,21,1
57,115927,72,1
52,99866,63,1
58,90427,85,1
46,24992,64,0
46,21961,20,0
55,32497,8,1
59,52551,58,1
38,96384,46,0
59,75755,31,0
30,33255,93,0
58,24567,9,0
34,68847,15,1
26,68003,94,1
58,40389,26,0
18,64523,10,0
19,81576,29,0
46,63919,80,0
50,102103,36,1
27,23358,84,0
57,108535,37,0
38,96524,86,0
45,117057,71,1
28,25698,23,1
51,86809,41,1
25,113079,93,0
39,75805,80,0
25,51349,28,0
32,96777,48,1
34,70248,38,1
40,95033,31,0
41,118239,14,0
62,64041,97,1
36,51954,73,0
22,28002,91,0
49,89783,88,0
61,107234,77,1
18,39738,90,0
40,30703,29,0
54,69422,51,0
25,103106,49,0
30,81899,43,1
25,32392,92,1
40,64724,92,1
60,52299,72,0
18,35641,87,1
62,99534,93,0
41,26305,5,1
52,118262,42,0
41,38782,7,1
34,98257,42,1
22,97963,36,1
37,40566,27,0
38,87766,58,0
57,26511,46,0
48,46177,66,1
63,24765,25,0
53,40354,73,0
28,43929,27,0
32,48820,1,0
36,49523,87,0
24,91088,74,0
45,86163,42,1
60,97525,52,1
22,33780,25,0
22,26589,54,1
47,54812,67,1
49,113664,6,0
25,65939,58,0
27,71493,70,1
55,113326,53,0
64,60953,66,1
49,85785,58,1
45,39309,82,1
34,74195,87,0
48,45901,2,1
25,43576,76,0
57,51508,22,0
42,94711,37,0
26,45464,20,0
19,80281,24,0
32,36260,84,1
20,55440,65,0
53,115082,65,0
21,76683,81,0
31,61430,1,0
58,21987,94,0
58,45105,3,1
42,98484,46,0
27,33026,55,0
38,88309,75,1
53,65927,88,0
29,95414,86,1
44,77535,64,1
57,62946,45,1
19,76561,26,1
30,30377,77,0
49,73592,65,0
48,27347,24,1
33,53776,74,1
49,23783,35,0
49,75798,24,1
51,24298,28,1
28,90204,100,1
27,106207,80,0
32,75161,16,1
34,80652,59,0
57,54484,81,0
35,118614,54,0
26,40922,79,1
42,54028,16,1
57,40316,15,0
31,96996,98,0
42,36968,11,0
39,50266,65,1
47,115745,79,1
37,44000,90,0
38,34011,68,0
61,22866,43,1
49,25898,69,0
63,38395,99,1
38,59019,13,1
52,24006,10,0
49,54393,75,0
47,30956,82,1
56,70042,98,1
29,116199,41,1
58,26078,50,1
64,49631,87,1
35,115676,71,0
38,82901,59,1
30,89497,39,1
38,114813,3,1
25,61574,76,0
63,51417,7,0
57,108020,49,1
63,103639,26,1
24,85006,33,0
40,114881,48,0
61,59454,79,0
49,21587,2,0
28,74710,71,1
39,106567,32,0
39,111748,4,1
60,95886,20,1
42,38816,36,0
39,105824,32,0
45,49432,28,0
46,68617,77,0
30,92373,1,1
35,54217,60,1
19,40884,56,1
46,25454,35,0
38,94960,30,1
32,63618,54,0
44,103948,36,1
48,82671,55,0
32,67111,89,1
40,59613,80,1
41,105678,58,0
61,79993,83,1
30,28848,65,1
39,98672,69,0
60,86125,51,0
54,106444,22,0
50,81602,88,0
20,92045,53,0
36,62222,100,1
40,69223,36,0
46,85333,68,1
47,72732,36,1
56,69420,52,0
61,95504,53,1
64,22462,82,1
42,29460,50,0
54,119319,80,1
64,29275,41,0
25,114213,18,0
59,33269,22,0
33,85942,66,1
25,92920,21,1
18,42553,100,1
61,44366,44,1
22,64036,47,0
20,37369,39,1
18,31795,29,0
21,90021,54,1
57,88154,90,1
52,50143,85,1
49,49425,17,1
59,108209,80,1
51,95139,60,0
60,25368,31,1
42,24621,73,1
27,78829,95,1
38,80294,78,1
63,34719,49,0
56,49227,2,1
44,27566,48,0
44,32306,14,1
19,73822,59,0
58,44042,97,0
30,35086,99,0
26,37387,58,0
53,47042,58,0
39,109424,51,1
59,71618,84,0
43,112050,2,1
29,38323,41,0
34,38019,83,0
31,95426,82,1
31,60863,16,0
51,30283,4,0
37,38279,12,0
28,66999,29,0
33,82780,7,1
48,42908,14,0
23,81584,12,0
36,70225,99,1
54,57952,5,1
21,57663,81,0
64,81381,32,0
21,67929,74,1
37,29343,43,0
27,96173,81,1
41,59791,69,0
52,49134,45,1
43,67101,9,1
54,89443,49,1
55,119111,33,0
38,77530,100,0
57,66799,100,0
56,24827,18,0
38,116143,9,1
27,82653,62,1
55,33699,57,1
63,111419,29,0
21,25313,78,0
62,33598,25,0
37,48807,15,1
34,90423,6,0
24,89390,42,0
21,65226,29,1
46,79550,79,1
31,100072,93,0
20,23558,4,1
41,95308,82,0
54,70113,57,1
33,72999,49,1
21,75878,44,1
41,56343,80,0
51,78219,75,0
47,55186,14,0
35,56966,3,1
36,53769,62,1
48,73218,64,1
36,39229,45,1
63,95209,82,0
36,47877,58,0
39,78001,20,0
41,117137,58,1
62,58084,89,1
29,101780,57,0
47,112892,77,1
55,36806,68,0
48,108635,78,1
53,57034,97,1
36,60317,92,0
62,75468,52,0
53,39094,37,1
47,77796,8,0
50,30589,44,0
35,77221,98,1
45,21657,5,1
64,118300,69,1
28,59531,31,0
62,72227,45,1
50,23164,9,1
34,113078,32,1
23,103973,33,1
21,61247,67,1
37,39601,30,0
64,113966,76,1
44,70599,29,1
32,91545,3,0
23,24552,90,1
64,29417,57,1
31,78579,30,0
28,88207,9,1
56,92055,26,0
26,98270,2,1
43,23722,62,0
33,90442,3,0
22,115632,46,1
27,60031,68,0
20,99235,25,0
30,41438,51,1
60,78819,13,1
47,63856,44,0
62,53576,35,1
23,61938,55,0
34,69028,87,0
62,79807,9,1
36,69877,2,1
59,117783,61,0
52,63461,41,1
63,113474,44,1
43,60469,64,0
22,103136,31,0
46,40435,47,0
54,104117,2,0
37,34191,96,0
38,104726,82,0
27,47386,77,1
22,51721,69,0
53,74786,58,1
23,33704,44,1
43,76635,74,0
21,22123,56,1
56,110710,43,0
56,82993,89,1
52,100122,34,0
18,117512,30,0
41,45416,71,0
53,21814,70,0
23,98537,55,1
58,70258,67,1
63,36508,13,1
61,105166,3,1
48,98916,26,1
37,55699,57,0
41,66335,24,0
42,66806,53,0
53,97853,70,0
38,83768,43,0
47,55739,60,1
41,54785,58,0
61,51980,49,0
59,109335,42,1
47,114702,76,1
39,105016,100,0
45,21609,66,0
24,86253,11,1
52,105481,98,0
45,111128,90,0
31,48141,18,0
27,50009,85,1
33,26782,100,0
33,112072,52,0
48,119352,46,1
59,45933,44,1
42,97154,22,1
30,28307,53,0
23,112207,59,1
61,95874,94,0
26,58346,30,1
62,70772,8,0
53,92084,98,1
60,60149,57,0
37,106700,73,0
35,47526,20,1
60,116758,25,1
38,105712,19,0
21,88477,5,1
50,25695,75,0
44,59169,79,1
24,67947,72,1
23,67224,83,0
32,65865,87,1
35,45553,27,1
49,80410,40,0
28,110895,96,0
37,44816,26,1
41,75026,27,0
32,70705,62,1
24,81922,83,1
38,93914,50,0
59,21881,42,0
43,59567,29,0
61,67365,39,0
31,99211,60,0
54,90122,41,0
38,45006,33,1
35,61198,83,1
22,42831,83,0
20,36459,97,1
40,52443,16,1
43,62316,23,1
54,116131,7,1
41,84486,26,0
36,25877,96,1
42,59553,12,1
38,24922,72,0
29,24686,5,0
58,52766,92,0
50,99943,69,0
21,52006,49,1
59,51422,26,0
24,32205,5,1
39,106590,22,1
50,43527,79,0
34,38443,13,0
41,36524,28,0
51,48202,33,0
45,85552,23,0
60,66142,97,0
58,81692,18,1
56,102384,30,1
39,40855,26,1
34,103747,16,1
51,80372,77,0
23,45095,39,0
63,58724,33,1
